"Acad Org","Class Nbr","Subj","CRS","Session","Cmp","Sctn","Days","Start Time","End Time","Mtg Start Date","Mtg End Date","Duration","Instruction Mode","Campus","Loctn","Building","Room","Instr","Status","Enrl Cap","Enrl Tot","Wait Cap","Wait Tot","Cmbnd ID","Cmbnd Descr","Cmbnd Enrl Tot","Cmbnd Enrl Cap"
"COMPSCI","90973","CSE"," 101","A","LEC",="01","MWF","11:45 AM","12:40 PM","23-AUG-2021","16-DEC-2021","   55","In Person","WEST","WESTCAMPUS","TBA",="TBA","Kevin McDonnell","A","    210","      0","     70","      0","","","",""
"COMPSCI","91019","CSE"," 101","A","LAB",="L01","RETU","09:45 AM","10:40 AM","23-AUG-2021","16-DEC-2021","   55","In Person","WEST","WESTCAMPUS","COMPUTER SCI",="2114","Kevin McDonnell","A","     30","      0","      9","      0"," "," "," "," "
"COMPSCI","91020","CSE"," 101","A","LAB",="L02","RETH","09:45 AM","10:40 AM","23-AUG-2021","16-DEC-2021","   55","In Person","WEST","WESTCAMPUS","COMPUTER SCI",="2114","Kevin McDonnell","A","     30","      0","      9","      0"," "," "," "," "
"COMPSCI","91021","CSE"," 101","A","LAB",="L03","RETU","11:30 AM","12:25 PM","23-AUG-2021","16-DEC-2021","   55","In Person","WEST","WESTCAMPUS","COMPUTER SCI",="2114","Kevin McDonnell","A","     30","      0","      9","      0"," "," "," "," "
"COMPSCI","91022","CSE"," 101","A","LAB",="L04","RETH","11:30 AM","12:25 PM","23-AUG-2021","16-DEC-2021","   55","In Person","WEST","WESTCAMPUS","COMPUTER SCI",="2114","Kevin McDonnell","A","     30","      0","      9","      0"," "," "," "," "
"COMPSCI","91113","CSE"," 101","A","LAB",="L05","RETU","01:15 PM","02:10 PM","23-AUG-2021","16-DEC-2021","   55","In Person","WEST","WESTCAMPUS","COMPUTER SCI",="2114","Kevin McDonnell","A","     30","      0","      9","      0"," "," "," "," "
"COMPSCI","91114","CSE"," 101","A","LAB",="L06","RETH","01:15 PM","02:10 PM","23-AUG-2021","16-DEC-2021","   55","In Person","WEST","WESTCAMPUS","COMPUTER SCI",="2114","Kevin McDonnell","A","     30","      0","     10","      0"," "," "," "," "
"COMPSCI","94520","CSE"," 101","A","LAB",="L07","RETU","03:00 PM","03:55 PM","23-AUG-2021","16-DEC-2021","   55","In Person","WEST","WESTCAMPUS","COMPUTER SCI",="2114","Kevin McDonnell","A","     30","      0","      9","      0"," "," "," "," "
"COMPSCI","94698","CSE"," 101","A","LEC",="50","TUTH","05:00 PM","06:20 PM","23-AUG-2021","16-DEC-2021","   80","In Person","WEST","IAP","TBA",="TBA","Alexander Kuhn","A","      1","      0","      0","      0"," "," "," "," "
"COMPSCI","89325","CSE"," 114","A","LEC",="01","TUTH","04:45 PM","06:05 PM","23-AUG-2021","16-DEC-2021","   80","In Person","WEST","WESTCAMPUS","TBA",="TBA","Paul Fodor; TBA; TBA; TBA; TBA; TBA; TBA; TBA; TBA; TBA; TBA; TBA; TBA; TBA; TBA; TBA; TBA; TBA; TBA; TBA; TBA","A","    120","      0","     40","      0"," "," "," "," "
"COMPSCI","91494","CSE"," 114","A","LAB",="L01","MW","08:30 AM","09:50 AM","23-AUG-2021","16-DEC-2021","   80","In Person","WEST","WESTCAMPUS","COMPUTER SCI",="2129","Paul Fodor; TBA; TBA; TBA; TBA; TBA; TBA; TBA; TBA; TBA; TBA; TBA; TBA; TBA; TBA; TBA; TBA; TBA; TBA; TBA; TBA","A","     30","      0","     10","      0"," "," "," "," "
"COMPSCI","89326","CSE"," 114","A","LAB",="L02","MW","02:40 PM","04:00 PM","23-AUG-2021","16-DEC-2021","   80","In Person","WEST","WESTCAMPUS","COMPUTER SCI",="2129","Paul Fodor; TBA; TBA; TBA; TBA; TBA; TBA; TBA; TBA; TBA; TBA; TBA; TBA; TBA; TBA; TBA; TBA; TBA; TBA; TBA; TBA","A","     30","      0","     10","      0"," "," "," "," "
"COMPSCI","89327","CSE"," 114","A","LAB",="L03","MW","04:25 PM","05:45 PM","23-AUG-2021","16-DEC-2021","   80","In Person","WEST","WESTCAMPUS","COMPUTER SCI",="2129","Paul Fodor; TBA; TBA; TBA; TBA; TBA; TBA; TBA; TBA; TBA; TBA; TBA; TBA; TBA; TBA; TBA; TBA; TBA; TBA; TBA; TBA","A","     30","      0","     10","      0"," "," "," "," "
"COMPSCI","89328","CSE"," 114","A","LAB",="L04","MW","06:05 PM","07:25 PM","23-AUG-2021","16-DEC-2021","   80","In Person","WEST","WESTCAMPUS","COMPUTER SCI",="2129","Paul Fodor; TBA; TBA; TBA; TBA; TBA; TBA; TBA; TBA; TBA; TBA; TBA; TBA; TBA; TBA; TBA; TBA; TBA; TBA; TBA; TBA","A","     30","      0","     10","      0"," "," "," "," "
"COMPSCI","90974","CSE"," 114","A","LEC",="02","MW","04:25 PM","05:45 PM","23-AUG-2021","16-DEC-2021","   80","In Person","WEST","WESTCAMPUS","TBA",="TBA","Praveen Tripathi; TBA; TBA; TBA; TBA; TBA; TBA; TBA; TBA; TBA; TBA; TBA; TBA; TBA; TBA; TBA; TBA; TBA; TBA; TBA; TBA","A","    120","      0","     40","      0"," "," "," "," "
"COMPSCI","91495","CSE"," 114","A","LAB",="L05","TUTH","06:30 PM","07:50 PM","23-AUG-2021","16-DEC-2021","   80","In Person","WEST","WESTCAMPUS","COMPUTER SCI",="2129","Praveen Tripathi; TBA; TBA; TBA; TBA; TBA; TBA; TBA; TBA; TBA; TBA; TBA; TBA; TBA; TBA; TBA; TBA; TBA; TBA; TBA; TBA","A","     30","      0","     10","      0"," "," "," "," "
"COMPSCI","90814","CSE"," 114","A","LAB",="L06","TUTH","09:45 AM","11:05 AM","23-AUG-2021","16-DEC-2021","   80","In Person","WEST","WESTCAMPUS","COMPUTER SCI",="2129","Praveen Tripathi; TBA; TBA; TBA; TBA; TBA; TBA; TBA; TBA; TBA; TBA; TBA; TBA; TBA; TBA; TBA; TBA; TBA; TBA; TBA; TBA","A","     30","      0","     10","      0"," "," "," "," "
"COMPSCI","90870","CSE"," 114","A","LAB",="L07","TUTH","04:45 PM","06:05 PM","23-AUG-2021","16-DEC-2021","   80","In Person","WEST","WESTCAMPUS","COMPUTER SCI",="2129","Praveen Tripathi; TBA; TBA; TBA; TBA; TBA; TBA; TBA; TBA; TBA; TBA; TBA; TBA; TBA; TBA; TBA; TBA; TBA; TBA; TBA; TBA","A","     30","      0","     10","      0"," "," "," "," "
"COMPSCI","91037","CSE"," 114","A","LAB",="L08","TUTH","01:15 PM","02:35 PM","23-AUG-2021","16-DEC-2021","   80","In Person","WEST","WESTCAMPUS","COMPUTER SCI",="2129","Praveen Tripathi; TBA; TBA; TBA; TBA; TBA; TBA; TBA; TBA; TBA; TBA; TBA; TBA; TBA; TBA; TBA; TBA; TBA; TBA; TBA; TBA","A","     30","      0","     10","      0"," "," "," "," "
"COMPSCI","94731","CSE"," 114","A","LEC",="50","MW","02:00 PM","03:20 PM","23-AUG-2021","16-DEC-2021","   80","In Person","WEST","IAP","TBA",="TBA","Antonino Mione","A","      1","      0","      0","      0"," "," "," "," "
"COMPSCI","94730","CSE"," 114","A","LAB",="L50","TUTH","02:00 PM","03:20 PM","23-AUG-2021","16-DEC-2021","   80","In Person","WEST","IAP","TBA",="TBA","Antonino Mione","A","      1","      0","      0","      0"," "," "," "," "
"COMPSCI","91632","CSE"," 150","A","LEC",="01","TUTH","03:00 PM","04:20 PM","23-AUG-2021","16-DEC-2021","   80","In Person","WEST","WESTCAMPUS","TBA",="TBA","R. Sekar","A","     40","      0","     10","      0"," "," "," "," "
"COMPSCI","91631","CSE"," 150","A","REC",="R01","RETU","04:45 PM","05:40 PM","23-AUG-2021","16-DEC-2021","   55","In Person","WEST","WESTCAMPUS","TBA",="TBA","R. Sekar","A","     20","      0","      5","      0"," "," "," "," "
"COMPSCI","94776","CSE"," 150","A","REC",="R02","RETU","04:45 PM","05:40 PM","23-AUG-2021","16-DEC-2021","   55","In Person","WEST","WESTCAMPUS","TBA",="TBA","R. Sekar","A","     20","      0","      5","      0"," "," "," "," "
"COMPSCI","89216","CSE"," 214","A","LEC",="01","TUTH","08:00 AM","09:20 AM","23-AUG-2021","16-DEC-2021","   80","In Person","WEST","WESTCAMPUS","TBA",="TBA","Ahmad Esmaili","A","    140","      0","     36","      0"," "," "," "," "
"COMPSCI","89217","CSE"," 214","A","REC",="R01","RECM","02:40 PM","03:35 PM","23-AUG-2021","16-DEC-2021","   55","In Person","WEST","WESTCAMPUS","COMPUTER SCI",="2114","Ahmad Esmaili","A","     35","      0","      9","      0"," "," "," "," "
"COMPSCI","89218","CSE"," 214","A","REC",="R02","RECW","04:25 PM","05:20 PM","23-AUG-2021","16-DEC-2021","   55","In Person","WEST","WESTCAMPUS","COMPUTER SCI",="2114","Ahmad Esmaili","A","     35","      0","      9","      0"," "," "," "," "
"COMPSCI","89219","CSE"," 214","A","REC",="R03","RECM","04:25 PM","05:20 PM","23-AUG-2021","16-DEC-2021","   55","In Person","WEST","WESTCAMPUS","COMPUTER SCI",="2114","Ahmad Esmaili","A","     35","      0","      9","      0"," "," "," "," "
"COMPSCI","89220","CSE"," 214","A","REC",="R04","RECF","02:40 PM","03:35 PM","23-AUG-2021","16-DEC-2021","   55","In Person","WEST","WESTCAMPUS","COMPUTER SCI",="2114","Ahmad Esmaili","A","     35","      0","      9","      0"," "," "," "," "
"COMPSCI","91107","CSE"," 214","A","LEC",="02","MW","06:05 PM","07:25 PM","23-AUG-2021","16-DEC-2021","   80","In Person","WEST","WESTCAMPUS","TBA",="TBA","Ritwik Banerjee","A","    140","      0","     32","      0"," "," "," "," "
"COMPSCI","90765","CSE"," 214","A","REC",="R05","RECM","01:00 PM","01:55 PM","23-AUG-2021","16-DEC-2021","   55","In Person","WEST","WESTCAMPUS","COMPUTER SCI",="2114","Ritwik Banerjee","A","     35","      0","      5","      0"," "," "," "," "
"COMPSCI","91496","CSE"," 214","A","REC",="R06","RECM","11:45 AM","12:40 PM","23-AUG-2021","16-DEC-2021","   55","In Person","WEST","WESTCAMPUS","COMPUTER SCI",="2114","Ritwik Banerjee","A","     35","      0","      9","      0"," "," "," "," "
"COMPSCI","91108","CSE"," 214","A","REC",="R07","RECW","11:45 AM","12:40 PM","23-AUG-2021","16-DEC-2021","   55","In Person","WEST","WESTCAMPUS","COMPUTER SCI",="2114","Ritwik Banerjee","A","     35","      0","      9","      0"," "," "," "," "
"COMPSCI","91298","CSE"," 214","A","REC",="R08","RECW","02:40 PM","03:35 PM","23-AUG-2021","16-DEC-2021","   55","In Person","WEST","WESTCAMPUS","COMPUTER SCI",="2114","Ritwik Banerjee","A","     35","      0","      9","      0"," "," "," "," "
"COMPSCI","90549","CSE"," 215","A","LEC",="01","TUTH","09:45 AM","11:05 AM","23-AUG-2021","16-DEC-2021","   80","In Person","WEST","WESTCAMPUS","TBA",="TBA","Pramod Ganapathi","A","     90","      0","     30","      0"," "," "," "," "
"COMPSCI","90593","CSE"," 215","A","REC",="R01","RECM","09:15 AM","10:10 AM","23-AUG-2021","16-DEC-2021","   55","In Person","WEST","WESTCAMPUS","COMPUTER SCI",="2114","Pramod Ganapathi","A","     30","      0","     10","      0"," "," "," "," "
"COMPSCI","90594","CSE"," 215","A","REC",="R02","RECW","09:15 AM","10:10 AM","23-AUG-2021","16-DEC-2021","   55","In Person","WEST","WESTCAMPUS","COMPUTER SCI",="2114","Pramod Ganapathi","A","     30","      0","     10","      0"," "," "," "," "
"COMPSCI","91109","CSE"," 215","A","REC",="R03","RECM","10:30 AM","11:25 AM","23-AUG-2021","16-DEC-2021","   55","In Person","WEST","WESTCAMPUS","COMPUTER SCI",="2114","Pramod Ganapathi","A","     30","      0","     10","      0"," "," "," "," "
"COMPSCI","91036","CSE"," 215","A","LEC",="02","TUTH","01:15 PM","02:35 PM","23-AUG-2021","16-DEC-2021","   80","In Person","WEST","WESTCAMPUS","TBA",="TBA","Pramod Ganapathi","A","     90","      0","     30","      0"," "," "," "," "
"COMPSCI","91110","CSE"," 215","A","REC",="R04","RECW","10:30 AM","11:25 AM","23-AUG-2021","16-DEC-2021","   55","In Person","WEST","WESTCAMPUS","COMPUTER SCI",="2114","Pramod Ganapathi","A","     30","      0","     10","      0"," "," "," "," "
"COMPSCI","91111","CSE"," 215","A","REC",="R05","RECM","11:45 AM","12:40 PM","23-AUG-2021","16-DEC-2021","   55","In Person","WEST","WESTCAMPUS","COMPUTER SCI",="2129","Pramod Ganapathi","A","     30","      0","     10","      0"," "," "," "," "
"COMPSCI","91112","CSE"," 215","A","REC",="R06","RECW","11:45 AM","12:40 PM","23-AUG-2021","16-DEC-2021","   55","In Person","WEST","WESTCAMPUS","COMPUTER SCI",="2129","Pramod Ganapathi","A","     30","      0","     10","      0"," "," "," "," "
"COMPSCI","94700","CSE"," 215","A","LEC",="90","MW","03:30 PM","04:50 PM","23-AUG-2021","16-DEC-2021","   80","In Person","WEST","IAP","TBA",="TBA","Chi Him Wong","A","      1","      0","      0","      0"," "," "," "," "
"COMPSCI","94699","CSE"," 215","A","REC",="R90","RECW","10:30 AM","11:23 AM","23-AUG-2021","16-DEC-2021","   53","In Person","WEST","IAP","TBA",="TBA","Chi Him Wong","A","      1","      0","      0","      0"," "," "," "," "
"COMPSCI","91485","CSE"," 216","A","LEC",="01","MW","02:40 PM","04:00 PM","23-AUG-2021","16-DEC-2021","   80","In Person","WEST","WESTCAMPUS","TBA",="TBA","Ritwik Banerjee","A","    180","      0","     10","      0"," "," "," "," "
"COMPSCI","91486","CSE"," 216","A","REC",="R01","RETU","08:00 AM","08:55 AM","23-AUG-2021","16-DEC-2021","   55","In Person","WEST","WESTCAMPUS","TBA",="TBA","Ritwik Banerjee","A","     30","      0","     10","      0"," "," "," "," "
"COMPSCI","91487","CSE"," 216","A","REC",="R02","RETH","09:45 AM","10:40 AM","23-AUG-2021","16-DEC-2021","   55","In Person","WEST","WESTCAMPUS","TBA",="TBA","Ritwik Banerjee","A","     30","      0","     10","      0"," "," "," "," "
"COMPSCI","91488","CSE"," 216","A","REC",="R03","RETU","06:30 PM","07:25 PM","23-AUG-2021","16-DEC-2021","   55","In Person","WEST","WESTCAMPUS","TBA",="TBA","Ritwik Banerjee","A","     30","      0","     10","      0"," "," "," "," "
"COMPSCI","91489","CSE"," 216","A","REC",="R04","RETH","08:00 AM","08:55 AM","23-AUG-2021","16-DEC-2021","   55","In Person","WEST","WESTCAMPUS","TBA",="TBA","Ritwik Banerjee","A","     30","      0","     10","      0"," "," "," "," "
"COMPSCI","91490","CSE"," 216","A","REC",="R05","RETU","09:45 AM","10:40 AM","23-AUG-2021","16-DEC-2021","   55","In Person","WEST","WESTCAMPUS","TBA",="TBA","Ritwik Banerjee","A","     30","      0","     10","      0"," "," "," "," "
"COMPSCI","91491","CSE"," 216","A","REC",="R06","RETH","06:30 PM","07:25 PM","23-AUG-2021","16-DEC-2021","   55","In Person","WEST","WESTCAMPUS","TBA",="TBA","Ritwik Banerjee","A","     30","      0","     10","      0"," "," "," "," "
"COMPSCI","89221","CSE"," 220","A","LEC",="01","TUTH","03:00 PM","04:20 PM","23-AUG-2021","16-DEC-2021","   80","In Person","WEST","WESTCAMPUS","TBA",="TBA","Joydeep Mitra","A","    180","      0","     74","      0"," "," "," "," "
"COMPSCI","89222","CSE"," 220","A","REC",="R01","RECM","10:30 AM","11:25 AM","23-AUG-2021","16-DEC-2021","   55","In Person","WEST","WESTCAMPUS","TBA",="TBA","Joydeep Mitra","A","     30","      0","      9","      0"," "," "," "," "
"COMPSCI","89223","CSE"," 220","A","REC",="R02","RECW","10:30 AM","11:25 AM","23-AUG-2021","16-DEC-2021","   55","In Person","WEST","WESTCAMPUS","TBA",="TBA","Joydeep Mitra","A","     30","      0","      9","      0"," "," "," "," "
"COMPSCI","89224","CSE"," 220","A","REC",="R03","RECM","11:45 AM","12:40 PM","23-AUG-2021","16-DEC-2021","   55","In Person","WEST","WESTCAMPUS","TBA",="TBA","Joydeep Mitra","A","     30","      0","      9","      0"," "," "," "," "
"COMPSCI","91018","CSE"," 220","A","REC",="R04","RECW","11:45 AM","12:40 PM","23-AUG-2021","16-DEC-2021","   55","In Person","WEST","WESTCAMPUS","TBA",="TBA","Joydeep Mitra","A","     30","      0","      9","      0"," "," "," "," "
"COMPSCI","91299","CSE"," 220","A","REC",="R07","RECM","01:00 PM","01:55 PM","23-AUG-2021","16-DEC-2021","   55","In Person","WEST","WESTCAMPUS","TBA",="TBA","Joydeep Mitra","A","     30","      0","      9","      0"," "," "," "," "
"COMPSCI","91497","CSE"," 220","A","REC",="R08","RECW","02:40 PM","03:35 PM","23-AUG-2021","16-DEC-2021","   55","In Person","WEST","WESTCAMPUS","TBA",="TBA","Joydeep Mitra","A","     30","      0","      9","      0"," "," "," "," "
"COMPSCI","90469","CSE"," 260","A","LEC",="01","MW","04:25 PM","05:45 PM","23-AUG-2021","16-DEC-2021","   80","In Person","WEST","WESTCAMPUS","TBA",="TBA","Paul Fodor","A","     50","      0","     10","      0"," "," "," "," "
"COMPSCI","91095","CSE"," 261","A","LAB",="L01","MW","06:05 PM","07:25 PM","23-AUG-2021","16-DEC-2021","   80","In Person","WEST","WESTCAMPUS","TBA",="TBA","Paul Fodor","A","     50","      0","     10","      0"," "," "," "," "
"COMPSCI","89225","CSE"," 300","A","LEC",="01","TUTH","11:30 AM","12:50 PM","23-AUG-2021","16-DEC-2021","   80","In Person","WEST","WESTCAMPUS","TBA",="TBA","TBA","A","     35","      0","      0","      0","0237","CSE/ISE 300.01 xlist","    0","   35"
"COMPSCI","90518","CSE"," 300","A","LEC",="02","TUTH","01:15 PM","02:35 PM","23-AUG-2021","16-DEC-2021","   80","In Person","WEST","WESTCAMPUS","TBA",="TBA","TBA","A","     35","      0","      0","      0","0398","CSE/ISE 300.02 xlist","    0","   35"
"COMPSCI","89049","CSE"," 300","A","LEC",="03","TUTH","03:00 PM","04:20 PM","23-AUG-2021","16-DEC-2021","   80","In Person","WEST","WESTCAMPUS","TBA",="TBA","TBA","A","     35","      0","      0","      0","0580","CSE 300.03/ISE 300.03","    0","   35"
"COMPSCI","91158","CSE"," 300","A","LEC",="04","TUTH","09:45 AM","11:05 AM","23-AUG-2021","16-DEC-2021","   80","In Person","WEST","WESTCAMPUS","TBA",="TBA","TBA","A","     35","      0","      0","      0","0693","CSE/ISE 300.04xlist","    0","   35"
"COMPSCI","91458","CSE"," 300","A","LEC",="06","MWF","10:30 AM","11:25 AM","23-AUG-2021","16-DEC-2021","   55","In Person","WEST","WESTCAMPUS","TBA",="TBA","TBA","A","     35","      0","      0","      0","0650","CSE300.06/ISE300.06","    0","   35"
"COMPSCI","89226","CSE"," 303","A","LEC",="01","TUTH","09:45 AM","11:05 AM","23-AUG-2021","16-DEC-2021","   80","In Person","WEST","WESTCAMPUS","TBA",="TBA","Rezaul Chowdhury","A","    160","      0","     30","      0"," "," "," "," "
"COMPSCI","91460","CSE"," 305","A","LEC",="01","MW","04:25 PM","05:45 PM","23-AUG-2021","16-DEC-2021","   80","In Person","WEST","WESTCAMPUS","TBA",="TBA","Scott Smolka","A","    100","      0","     20","      0"," "," "," "," "
"COMPSCI","89227","CSE"," 306","A","LEC",="01","TUTH","11:30 AM","12:50 PM","23-AUG-2021","16-DEC-2021","   80","In Person","WEST","WESTCAMPUS","TBA",="TBA","Eugene Stark","A","    100","      0","     20","      0"," "," "," "," "
"COMPSCI","89100","CSE"," 310","A","LEC",="01","TUTH","11:30 AM","12:50 PM","23-AUG-2021","16-DEC-2021","   80","In Person","WEST","WESTCAMPUS","TBA",="TBA","Shubham Jain","A","    240","      0","     35","      0"," "," "," "," "
"COMPSCI","89056","CSE"," 312","A","LEC",="01","MW","06:05 PM","07:25 PM","23-AUG-2021","16-DEC-2021","   80","In Person","WEST","WESTCAMPUS","TBA",="TBA","Michael Tashbook","A","     85","      0","      0","      0","0541","CSE/ISE 312.02","    0","   85"
"COMPSCI","91413","CSE"," 312","A","LEC",="02","MW","07:50 PM","09:10 PM","23-AUG-2021","16-DEC-2021","   80","In Person","WEST","WESTCAMPUS","TBA",="TBA","Michael Tashbook","A","     85","      0","      0","      0","0812","CSE312.03/ISE312.03","    0","   85"
"COMPSCI","91492","CSE"," 316","A","LEC",="01","TUTH","03:00 PM","04:20 PM","23-AUG-2021","16-DEC-2021","   80","In Person","WEST","WESTCAMPUS","TBA",="TBA","Richard McKenna","A","    210","      0","     50","      0"," "," "," "," "
"COMPSCI","90703","CSE"," 320","A","LEC",="01","TUTH","08:00 AM","09:20 AM","23-AUG-2021","16-DEC-2021","   80","In Person","WEST","WESTCAMPUS","TBA",="TBA","Eugene Stark","A","    210","      0","     30","      0"," "," "," "," "
"COMPSCI","91179","CSE"," 331","A","LEC",="01","TUTH","08:00 AM","09:20 AM","23-AUG-2021","16-DEC-2021","   80","In Person","WEST","WESTCAMPUS","TBA",="TBA","Radu Sion","A","    140","      0","     20","      0"," "," "," "," "
"COMPSCI","91415","CSE"," 332","A","LEC",="01","TUTH","08:15 PM","09:35 PM","23-AUG-2021","16-DEC-2021","   80","In Person","WEST","WESTCAMPUS","TBA",="TBA","Klaus Mueller","A","     40","      0","      0","      0","0030","CSE/ISE332.01","    0","   75"
"COMPSCI","91180","CSE"," 333","A","LEC",="01","TUTH","03:00 PM","04:20 PM","23-AUG-2021","16-DEC-2021","   80","In Person","WEST","WESTCAMPUS","TBA",="TBA","Anthony Scarlatos","A","     36","      0","      0","      0","0056","CS/ISE333.01","    0","   50"
"COMPSCI","89228","CSE"," 334","A","LEC",="01","TUTH","11:30 AM","12:50 PM","23-AUG-2021","16-DEC-2021","   80","In Person","WEST","WESTCAMPUS","TBA",="TBA","Anthony Scarlatos","A","     23","      0","      0","      0","0083","CSE/ISE 334.01 xlist","    0","   45"
"COMPSCI","91416","CSE"," 337","A","LEC",="01","TUTH","09:45 AM","11:05 AM","23-AUG-2021","16-DEC-2021","   80","In Person","WEST","WESTCAMPUS","TBA",="TBA","Joydeep Mitra","A","    200","      0","      0","      0","0043","CSE337.01/ISE337.01","    0","  200"
"COMPSCI","93960","CSE"," 350","A","LEC",="01","TUTH","06:30 PM","07:50 PM","23-AUG-2021","16-DEC-2021","   80","In Person","WEST","WESTCAMPUS","TBA",="TBA","Omkant Pandey","A","     50","      0","     10","      0"," "," "," "," "
"COMPSCI","93961","CSE"," 350","A","REC",="R01","RETH","04:45 PM","05:40 PM","23-AUG-2021","16-DEC-2021","   55","In Person","WEST","WESTCAMPUS","TBA",="TBA","Omkant Pandey","A","     50","      0","     10","      0"," "," "," "," "
"COMPSCI","93962","CSE"," 353","A","LEC",="01","MW","06:05 PM","07:25 PM","23-AUG-2021","16-DEC-2021","   80","In Person","WEST","WESTCAMPUS","TBA",="TBA","Zhaozheng Yin","A","     70","      0","     15","      0"," "," "," "," "
"COMPSCI","90724","CSE"," 355","A","LEC",="01","MW","08:30 AM","09:50 AM","23-AUG-2021","16-DEC-2021","   80","In Person","WEST","WESTCAMPUS","TBA",="TBA","Joseph Mitchell","A","    183","      0","      0","      0","0538","AMS 345/CSE 355.01xlist","    0","  183"
"COMPSCI","91503","CSE"," 357","A","LEC",="01","TUTH","03:00 PM","04:20 PM","23-AUG-2021","16-DEC-2021","   80","In Person","WEST","WESTCAMPUS","TBA",="TBA","Hansen Schwartz","A","     70","      0","     10","      0"," "," "," "," "
"COMPSCI","95484","CSE"," 360","A","LEC",="01","TUTH","04:45 PM","06:05 PM","23-AUG-2021","16-DEC-2021","   80","In Person","WEST","WESTCAMPUS","TBA",="TBA","Amir Rahmati","A","    100","      0","      0","      0"," "," "," "," "
"COMPSCI","95483","CSE"," 371","A","LEC",="01","TUTH","03:00 PM","04:20 PM","23-AUG-2021","16-DEC-2021","   80","In Person","WEST","WESTCAMPUS","TBA",="TBA","Anita Wasilewska","A","    100","      0","      0","      0"," "," "," "," "
"COMPSCI","89229","CSE"," 373","A","LEC",="01","TUTH","01:15 PM","02:35 PM","23-AUG-2021","16-DEC-2021","   80","In Person","WEST","WESTCAMPUS","TBA",="TBA","Rezaul Chowdhury","A","    200","      0","      0","      0","0088","CSE373.01/MAT 373.01","    0","  200"
"COMPSCI","95485","CSE"," 378","A","LEC",="01","MW","02:40 PM","04:00 PM","23-AUG-2021","16-DEC-2021","   80","In Person","WEST","WESTCAMPUS","TBA",="TBA","Michael Ryoo","A","     60","      0","      0","      0"," "," "," "," "
"COMPSCI","91417","CSE"," 381","A","LEC",="01","TUTH","11:30 AM","12:50 PM","23-AUG-2021","16-DEC-2021","   80","In Person","WEST","WESTCAMPUS","TBA",="TBA","Richard McKenna","A","     60","      0","     10","      0"," "," "," "," "
"COMPSCI","91430","CSE"," 416","A","LEC",="01","TUTH","06:30 PM","07:50 PM","23-AUG-2021","16-DEC-2021","   80","In Person","WEST","WESTCAMPUS","TBA",="TBA","Robert Kelly","A","     80","      0","      7","      0"," "," "," "," "
"COMPSCI","91431","CSE"," 416","A","LEC",="02","TUTH","09:45 AM","11:05 AM","23-AUG-2021","16-DEC-2021","   80","In Person","WEST","WESTCAMPUS","TBA",="TBA","Richard McKenna","A","     80","      0","      7","      0"," "," "," "," "
"COMPSCI","91229","CSE"," 504","A","LEC",="01","M","06:05 PM","09:00 PM","23-AUG-2021","16-DEC-2021","  175","In Person","WEST","WESTCAMPUS","TBA",="TBA","Dongyoon Lee","A","     60","      0","     18","      0"," "," "," "," "
"COMPSCI","90815","CSE"," 505","A","LEC",="01","TUTH","08:00 AM","09:20 AM","23-AUG-2021","16-DEC-2021","   80","In Person","WEST","WESTCAMPUS","TBA",="TBA","C Ramakrishnan","A","     70","      0","     15","      0"," "," "," "," "
"COMPSCI","95490","CSE"," 509","A","LEC",="01","TUTH","11:30 AM","12:50 PM","23-AUG-2021","16-DEC-2021","   80","In Person","WEST","WESTCAMPUS","TBA",="TBA","R. Sekar","A","     80","      0","      0","      0"," "," "," "," "
"COMPSCI","95494","CSE"," 510","A","LEC",="01","MW","10:00 AM","11:20 AM","23-AUG-2021","16-DEC-2021","   80","In Person","WEST","WESTCAMPUS","COMPUTER SCI",="2120","Stanley Bak","A","     70","      0","      0","      0"," "," "," "," "
"COMPSCI","91418","CSE"," 512","A","LEC",="01","MW","04:25 PM","05:45 PM","23-AUG-2021","16-DEC-2021","   80","In Person","WEST","WESTCAMPUS","TBA",="TBA","Yifan Sun","A","    100","      0","     34","      0"," "," "," "," "
"COMPSCI","91498","CSE"," 518","A","LEC",="01","F","10:00 AM","12:50 PM","23-AUG-2021","16-DEC-2021","  170","In Person","WEST","WESTCAMPUS","COMPUTER SCI",="2311","Xiaojun Bi","A","     60","      0","     20","      0"," "," "," "," "
"COMPSCI","91197","CSE"," 519","A","LEC",="01","TUTH","09:45 AM","11:05 AM","23-AUG-2021","16-DEC-2021","   80","Online Synchronous","WEST","ONLINE","ONLINE",="TBA","Steven Skiena","A","    250","      0","     45","      0"," "," "," "," "
"COMPSCI","95550","CSE"," 519","A","LEC",="02","TUTH","09:45 AM","11:05 AM","23-AUG-2021","16-DEC-2021","   80","Online/In Person - Hybrid","WEST","WESTCAMPUS","TBA",="120","Steven Skiena","A","     30","      0","      0","      0"," "," "," "," "
" "," "," "," "," "," ",=" ","TUTH","09:45 AM","11:05 AM","23-AUG-2021","16-DEC-2021","   80","Online/In Person - Hybrid","WEST"," ","ONLINE",="TBA","Steven Skiena"," "," ","      0"," ","      0"," "," "," "," "
"COMPSCI","90761","CSE"," 527","A","LEC",="01","TUTH","06:30 PM","07:50 PM","23-AUG-2021","16-DEC-2021","   80","In Person","WEST","WESTCAMPUS","TBA",="TBA","Dimitrios Samaras","A","    120","      0","     20","      0"," "," "," "," "
"COMPSCI","90725","CSE"," 529","A","LEC",="02","TUTH","03:00 PM","04:20 PM","23-AUG-2021","16-DEC-2021","   80","Online Synchronous","WEST","ONLINE","ONLINE",="TBA","Jiaqiao Hu","A","     26","      0","      0","      0","0401","AMS553.02/CSE529.02","    0","   52"
"COMPSCI","91493","CSE"," 532","A","LEC",="01","MW","06:05 PM","07:25 PM","23-AUG-2021","16-DEC-2021","   80","In Person","WEST","WESTCAMPUS","TBA",="TBA","Michael Kifer","A","    100","      0","     18","      0"," "," "," "," "
"COMPSCI","91419","CSE"," 534","A","LEC",="01","MW","08:30 AM","09:50 AM","23-AUG-2021","16-DEC-2021","   80","In Person","WEST","WESTCAMPUS","TBA",="TBA","Aruna Balasubramanian","A","    103","      0","     20","      0"," "," "," "," "
"COMPSCI","91468","CSE"," 535","A","LEC",="01","MW","11:40 AM","01:00 PM","23-AUG-2021","16-DEC-2021","   80","In Person","WEST","WESTCAMPUS","COMPUTER SCI",="2120","Scott Stoller","A","     75","      0","     26","      0"," "," "," "," "
"COMPSCI","91462","CSE"," 537","A","LEC",="01","MF","01:00 PM","02:20 PM","23-AUG-2021","16-DEC-2021","   80","In Person","WEST","WESTCAMPUS","TBA",="TBA","I.V. Ramakrishnan","A","    160","      0","     35","      0"," "," "," "," "
"COMPSCI","91464","CSE"," 538","A","LEC",="01","TUTH","03:00 PM","04:20 PM","23-AUG-2021","16-DEC-2021","   80","In Person","WEST","WESTCAMPUS","TBA",="TBA","Niranjan Balasubramanian","A","    150","      0","     30","      0"," "," "," "," "
"COMPSCI","93963","CSE"," 541","A","LEC",="01","TUTH","08:30 PM","09:50 PM","23-AUG-2021","16-DEC-2021","   80","In Person","WEST","WESTCAMPUS","TBA",="TBA","Anita Wasilewska","A","     50","      0","      0","      0"," "," "," "," "
"COMPSCI","89264","CSE"," 548","A","LEC",="01","MW","02:40 PM","04:00 PM","23-AUG-2021","16-DEC-2021","   80","In Person","WEST","WESTCAMPUS","TBA",="TBA","Michael Bender","A","    150","      0","      0","      0","0612","CSE548/AMS 542.01","    0","  150"
"COMPSCI","95491","CSE"," 582","A","LEC",="01","TUTH","04:45 PM","06:05 PM","23-AUG-2021","16-DEC-2021","   80","In Person","WEST","WESTCAMPUS","TBA",="TBA","Pramod Ganapathi","A","     80","      0","      0","      0"," "," "," "," "
"COMPSCI","95511","CSE"," 590","A","LEC",="01","TUTH","06:30 PM","07:50 PM","23-AUG-2021","16-DEC-2021","   80","In Person","WEST","WESTCAMPUS","TBA",="TBA","Barbara Chapman","A","     50","      0","      0","      0"," "," "," "," "
"COMPSCI","95493","CSE"," 594","A","LEC",="01","MW","07:50 PM","09:10 PM","23-AUG-2021","16-DEC-2021","   80","In Person","WEST","WESTCAMPUS","TBA",="TBA","Shuai Mu","A","     50","      0","      0","      0"," "," "," "," "
"COMPSCI","89047","ISE"," 218","A","LEC",="01","MF","01:00 PM","02:20 PM","23-AUG-2021","16-DEC-2021","   80","In Person","WEST","WESTCAMPUS","TBA",="TBA","Michael Tashbook","A","    140","      0","     10","      0"," "," "," "," "
"COMPSCI","90728","ISE"," 300","A","LEC",="01","TUTH","11:30 AM","12:50 PM","23-AUG-2021","16-DEC-2021","   80","In Person","WEST","WESTCAMPUS","TBA",="TBA","TBA","A","     35","      0","      0","      0","0237","CSE/ISE 300.01 xlist","    0","   35"
"COMPSCI","90729","ISE"," 300","A","LEC",="02","TUTH","01:15 PM","02:35 PM","23-AUG-2021","16-DEC-2021","   80","In Person","WEST","WESTCAMPUS","TBA",="TBA","TBA","A","     35","      0","      0","      0","0398","CSE/ISE 300.02 xlist","    0","   35"
"COMPSCI","89050","ISE"," 300","A","LEC",="03","TUTH","03:00 PM","04:20 PM","23-AUG-2021","16-DEC-2021","   80","In Person","WEST","WESTCAMPUS","TBA",="TBA","TBA","A","     35","      0","      0","      0","0580","CSE 300.03/ISE 300.03","    0","   35"
"COMPSCI","91159","ISE"," 300","A","LEC",="04","TUTH","09:45 AM","11:05 AM","23-AUG-2021","16-DEC-2021","   80","In Person","WEST","WESTCAMPUS","TBA",="TBA","TBA","A","     35","      0","      0","      0","0693","CSE/ISE 300.04xlist","    0","   35"
"COMPSCI","91459","ISE"," 300","A","LEC",="06","MWF","10:30 AM","11:25 AM","23-AUG-2021","16-DEC-2021","   55","In Person","WEST","WESTCAMPUS","TBA",="TBA","TBA","A","     35","      0","      0","      0","0650","CSE300.06/ISE300.06","    0","   35"
"COMPSCI","90702","ISE"," 305","A","LEC",="01","TUTH","01:15 PM","02:35 PM","23-AUG-2021","16-DEC-2021","   80","In Person","WEST","WESTCAMPUS","TBA",="TBA","Praveen Tripathi; TBA; TBA; TBA; TBA; TBA; TBA; TBA; TBA; TBA","A","    150","      0","     30","      0"," "," "," "," "
"COMPSCI","89057","ISE"," 312","A","LEC",="01","MW","06:05 PM","07:25 PM","23-AUG-2021","16-DEC-2021","   80","In Person","WEST","WESTCAMPUS","TBA",="TBA","Michael Tashbook","A","     85","      0","      0","      0","0541","CSE/ISE 312.02","    0","   85"
"COMPSCI","91414","ISE"," 312","A","LEC",="02","MW","07:50 PM","09:10 PM","23-AUG-2021","16-DEC-2021","   80","In Person","WEST","WESTCAMPUS","TBA",="TBA","Michael Tashbook","A","     85","      0","      0","      0","0812","CSE312.03/ISE312.03","    0","   85"
"COMPSCI","89046","ISE"," 321","A","LEC",="01","TUTH","11:30 AM","12:50 PM","23-AUG-2021","16-DEC-2021","   80","In Person","WEST","WESTCAMPUS","TBA",="TBA","Ahmad Esmaili","A","     80","      0","     14","      0"," "," "," "," "
"COMPSCI","95486","ISE"," 331","A","LEC",="01","MF","01:00 PM","02:20 PM","23-AUG-2021","16-DEC-2021","   80","In Person","WEST","WESTCAMPUS","TBA",="TBA","Christopher Kane","A","     80","      0","      0","      0"," "," "," "," "
"COMPSCI","91585","ISE"," 332","A","LEC",="01","TUTH","08:15 PM","09:35 PM","23-AUG-2021","16-DEC-2021","   80","In Person","WEST","WESTCAMPUS","TBA",="TBA","Klaus Mueller","A","     40","      0","      0","      0","0030","CSE/ISE332.01","    0","   75"
"COMPSCI","94625","ISE"," 333","A","LEC",="01","TUTH","03:00 PM","04:20 PM","23-AUG-2021","16-DEC-2021","   80","In Person","WEST","WESTCAMPUS","TBA",="TBA","Anthony Scarlatos","A","     14","      0","      0","      0","0056","CS/ISE333.01","    0","   50"
"COMPSCI","89101","ISE"," 334","A","LEC",="01","TUTH","11:30 AM","12:50 PM","23-AUG-2021","16-DEC-2021","   80","In Person","WEST","WESTCAMPUS","TBA",="TBA","Anthony Scarlatos","A","     23","      0","      0","      0","0083","CSE/ISE 334.01 xlist","    0","   45"
"COMPSCI","93959","ISE"," 337","A","LEC",="01","TUTH","09:45 AM","11:05 AM","23-AUG-2021","16-DEC-2021","   80","In Person","WEST","WESTCAMPUS","TBA",="TBA","Joydeep Mitra","A","    200","      0","      0","      0","0043","CSE337.01/ISE337.01","    0","  200"
"COMPSCI","90683","ISE"," 340","A","LEC",="01","TUTH","09:45 AM","11:05 AM","23-AUG-2021","16-DEC-2021","   80","In Person","WEST","WESTCAMPUS","TBA",="TBA","Lori Scarlatos","A","     10","      0","      0","      0","0493","EST 310/ISE340.01","    0","   40"
